{"stats":{"minecraft:killed_by":{"minecraft:player":1},"minecraft:picked_up":{"minecraft:hay_block":13,"minecraft:enchanted_book":6,"minecraft:golden_shovel":1,"minecraft:golden_axe":1,"minecraft:golden_pickaxe":1,"minecraft:golden_hoe":1},"minecraft:mined":{"minecraft:slime_block":1,"minecraft:yellow_stained_glass":9},"minecraft:custom":{"minecraft:jump":18,"minecraft:time_since_rest":2822,"minecraft:deaths":1,"minecraft:sprint_one_cm":2182,"minecraft:play_time":3379,"minecraft:damage_taken":460,"minecraft:time_since_death":2791,"minecraft:walk_one_cm":3201,"minecraft:sneak_time":9,"minecraft:total_world_time":3428,"minecraft:fall_one_cm":209,"minecraft:fly_one_cm":23069,"minecraft:leave_game":1}},"DataVersion":3463}